feature,importance
cp,0.14479594915902225
thalach,0.11809681107879867
ca,0.11096501961943256
oldpeak,0.10559049870637248
thal,0.10182491916590826
age,0.09182578093153854
chol,0.07657856592498284
exang,0.07418901050379093
trestbps,0.0711776350786414
slope,0.04523422043448793
sex,0.029884733105253743
restecg,0.01916647266939692
fbs,0.010670383622373405
